Date,VIX,10Y_Treasury_Yield,Inflation_CPI
2019-01-01,,,252.561
2019-01-02,23.22,2.66,
2019-01-03,25.45,2.56,
2019-01-04,21.38,2.67,
2019-01-07,21.4,2.7,
2019-01-08,20.47,2.73,
2019-01-09,19.98,2.74,
2019-01-10,19.5,2.74,
2019-01-11,18.19,2.71,
2019-01-14,19.07,2.71,
2019-01-15,18.6,2.72,
2019-01-16,19.04,2.73,
2019-01-17,18.06,2.75,
2019-01-18,17.8,2.79,
2019-01-21,,,
2019-01-22,20.8,2.74,
2019-01-23,19.52,2.76,
2019-01-24,18.89,2.72,
2019-01-25,17.42,2.76,
2019-01-28,18.87,2.75,
2019-01-29,19.13,2.72,
2019-01-30,17.66,2.7,
2019-01-31,16.57,2.63,
2019-02-01,16.14,2.7,253.319
2019-02-04,15.73,2.73,
2019-02-05,15.57,2.71,
2019-02-06,15.38,2.7,
2019-02-07,16.37,2.65,
2019-02-08,15.72,2.63,
2019-02-11,15.97,2.65,
2019-02-12,15.43,2.68,
2019-02-13,15.65,2.71,
2019-02-14,16.22,2.66,
2019-02-15,14.91,2.66,
2019-02-18,,,
2019-02-19,14.88,2.65,
2019-02-20,14.02,2.65,
2019-02-21,14.46,2.69,
2019-02-22,13.51,2.65,
2019-02-25,14.85,2.67,
2019-02-26,15.17,2.64,
2019-02-27,14.7,2.69,
2019-02-28,14.78,2.73,
2019-03-01,13.57,2.76,254.277
2019-03-04,14.63,2.72,
2019-03-05,14.74,2.72,
2019-03-06,15.74,2.69,
2019-03-07,16.59,2.64,
2019-03-08,16.05,2.62,
2019-03-11,14.33,2.64,
2019-03-12,13.77,2.61,
2019-03-13,13.41,2.61,
2019-03-14,13.5,2.63,
2019-03-15,12.88,2.59,
2019-03-18,13.1,2.6,
2019-03-19,13.56,2.61,
2019-03-20,13.91,2.54,
2019-03-21,13.63,2.54,
2019-03-22,16.48,2.44,
2019-03-25,16.33,2.43,
2019-03-26,14.68,2.41,
2019-03-27,15.15,2.39,
2019-03-28,14.43,2.39,
2019-03-29,13.71,2.41,
2019-04-01,13.4,2.49,255.233
2019-04-02,13.36,2.48,
2019-04-03,13.74,2.52,
2019-04-04,13.58,2.51,
2019-04-05,12.82,2.5,
2019-04-08,13.18,2.52,
2019-04-09,14.28,2.51,
2019-04-10,13.3,2.48,
2019-04-11,13.02,2.51,
2019-04-12,12.01,2.56,
2019-04-15,12.32,2.55,
2019-04-16,12.18,2.6,
2019-04-17,12.6,2.59,
2019-04-18,12.09,2.57,
2019-04-19,,,
2019-04-22,12.42,2.59,
2019-04-23,12.28,2.57,
2019-04-24,13.14,2.53,
2019-04-25,13.25,2.54,
2019-04-26,12.73,2.51,
2019-04-29,13.11,2.54,
2019-04-30,13.12,2.51,
2019-05-01,14.8,2.52,255.296
2019-05-02,14.42,2.55,
2019-05-03,12.87,2.54,
2019-05-06,15.44,2.51,
2019-05-07,19.32,2.45,
2019-05-08,19.4,2.49,
2019-05-09,19.1,2.45,
2019-05-10,16.04,2.47,
2019-05-13,20.55,2.4,
2019-05-14,18.06,2.42,
2019-05-15,16.44,2.37,
2019-05-16,15.29,2.4,
2019-05-17,15.96,2.39,
2019-05-20,16.31,2.41,
2019-05-21,14.95,2.43,
2019-05-22,14.75,2.39,
2019-05-23,16.92,2.31,
2019-05-24,15.85,2.32,
2019-05-27,,,
2019-05-28,17.5,2.26,
2019-05-29,17.9,2.25,
2019-05-30,17.3,2.22,
2019-05-31,18.71,2.14,
2019-06-01,,,255.213
2019-06-03,18.86,2.07,
2019-06-04,16.97,2.12,
2019-06-05,16.09,2.12,
2019-06-06,15.93,2.12,
2019-06-07,16.3,2.09,
2019-06-10,15.94,2.15,
2019-06-11,15.99,2.15,
2019-06-12,15.91,2.13,
2019-06-13,15.82,2.1,
2019-06-14,15.28,2.09,
2019-06-17,15.35,2.09,
2019-06-18,15.15,2.06,
2019-06-19,14.33,2.03,
2019-06-20,14.75,2.01,
2019-06-21,15.4,2.07,
2019-06-24,15.26,2.02,
2019-06-25,16.28,2.0,
2019-06-26,16.21,2.05,
2019-06-27,15.82,2.01,
2019-06-28,15.08,2.0,
2019-07-01,14.06,2.03,255.802
2019-07-02,12.93,1.98,
2019-07-03,12.57,1.96,
2019-07-04,,,
2019-07-05,13.28,2.04,
2019-07-08,13.96,2.05,
2019-07-09,14.09,2.07,
2019-07-10,13.03,2.07,
2019-07-11,12.93,2.13,
2019-07-12,12.39,2.12,
2019-07-15,12.68,2.09,
2019-07-16,12.86,2.13,
2019-07-17,13.97,2.06,
2019-07-18,13.53,2.04,
2019-07-19,14.45,2.05,
2019-07-22,13.53,2.05,
2019-07-23,12.61,2.08,
2019-07-24,12.07,2.05,
2019-07-25,12.74,2.08,
2019-07-26,12.16,2.08,
2019-07-29,12.83,2.06,
2019-07-30,13.94,2.06,
2019-07-31,16.12,2.02,
2019-08-01,17.87,1.9,256.036
2019-08-02,17.61,1.86,
2019-08-05,24.59,1.75,
2019-08-06,20.17,1.73,
2019-08-07,19.49,1.71,
2019-08-08,16.91,1.72,
2019-08-09,17.97,1.74,
2019-08-12,21.09,1.65,
2019-08-13,17.52,1.68,
2019-08-14,22.1,1.59,
2019-08-15,21.18,1.52,
2019-08-16,18.47,1.55,
2019-08-19,16.88,1.6,
2019-08-20,17.5,1.55,
2019-08-21,15.8,1.59,
2019-08-22,16.68,1.62,
2019-08-23,19.87,1.52,
2019-08-26,19.32,1.54,
2019-08-27,20.31,1.49,
2019-08-28,19.35,1.47,
2019-08-29,17.88,1.5,
2019-08-30,18.98,1.5,
2019-09-01,,,256.43
2019-09-02,,,
2019-09-03,19.66,1.47,
2019-09-04,17.33,1.47,
2019-09-05,16.27,1.57,
2019-09-06,15.0,1.55,
2019-09-09,15.27,1.63,
2019-09-10,15.2,1.72,
2019-09-11,14.61,1.75,
2019-09-12,14.22,1.79,
2019-09-13,13.74,1.9,
2019-09-16,14.67,1.84,
2019-09-17,14.44,1.81,
2019-09-18,13.95,1.8,
2019-09-19,14.05,1.79,
2019-09-20,15.32,1.74,
2019-09-23,14.91,1.72,
2019-09-24,17.05,1.64,
2019-09-25,15.96,1.73,
2019-09-26,16.07,1.7,
2019-09-27,17.22,1.69,
2019-09-30,16.24,1.68,
2019-10-01,18.56,1.65,257.155
2019-10-02,20.56,1.6,
2019-10-03,19.12,1.54,
2019-10-04,17.04,1.52,
2019-10-07,17.86,1.56,
2019-10-08,20.28,1.54,
2019-10-09,18.64,1.59,
2019-10-10,17.57,1.67,
2019-10-11,15.58,1.76,
2019-10-14,14.57,,
2019-10-15,13.54,1.77,
2019-10-16,13.68,1.75,
2019-10-17,13.79,1.76,
2019-10-18,14.25,1.76,
2019-10-21,14.0,1.8,
2019-10-22,14.46,1.78,
2019-10-23,14.01,1.77,
2019-10-24,13.71,1.77,
2019-10-25,12.65,1.8,
2019-10-28,13.11,1.85,
2019-10-29,13.2,1.84,
2019-10-30,12.33,1.78,
2019-10-31,13.22,1.69,
2019-11-01,12.3,1.73,257.879
2019-11-04,12.83,1.79,
2019-11-05,13.1,1.86,
2019-11-06,12.62,1.81,
2019-11-07,12.73,1.92,
2019-11-08,12.07,1.94,
2019-11-11,12.69,,
2019-11-12,12.68,1.92,
2019-11-13,13.0,1.88,
2019-11-14,13.05,1.82,
2019-11-15,12.05,1.84,
2019-11-18,12.46,1.81,
2019-11-19,12.86,1.79,
2019-11-20,12.78,1.73,
2019-11-21,13.13,1.77,
2019-11-22,12.34,1.77,
2019-11-25,11.87,1.76,
2019-11-26,11.54,1.74,
2019-11-27,11.75,1.77,
2019-11-28,,,
2019-11-29,12.62,1.78,
2019-12-01,,,258.63
2019-12-02,14.91,1.83,
2019-12-03,15.96,1.72,
2019-12-04,14.8,1.77,
2019-12-05,14.52,1.8,
2019-12-06,13.62,1.84,
2019-12-09,15.86,1.83,
2019-12-10,15.68,1.85,
2019-12-11,14.99,1.79,
2019-12-12,13.94,1.9,
2019-12-13,12.63,1.82,
2019-12-16,12.14,1.89,
2019-12-17,12.29,1.89,
2019-12-18,12.58,1.92,
2019-12-19,12.5,1.92,
2019-12-20,12.51,1.92,
2019-12-23,12.61,1.93,
2019-12-24,12.67,1.9,
2019-12-25,,,
2019-12-26,12.65,1.9,
2019-12-27,13.43,1.88,
2019-12-30,14.82,1.9,
2019-12-31,13.78,1.92,
2020-01-01,,,259.127
2020-01-02,12.47,1.88,
2020-01-03,14.02,1.8,
2020-01-06,13.85,1.81,
2020-01-07,13.79,1.83,
2020-01-08,13.45,1.87,
2020-01-09,12.54,1.85,
2020-01-10,12.56,1.83,
2020-01-13,12.32,1.85,
2020-01-14,12.39,1.82,
2020-01-15,12.42,1.79,
2020-01-16,12.32,1.81,
2020-01-17,12.1,1.84,
2020-01-20,,,
2020-01-21,12.85,1.78,
2020-01-22,12.91,1.77,
2020-01-23,12.98,1.74,
2020-01-24,14.56,1.7,
2020-01-27,18.23,1.61,
2020-01-28,16.28,1.65,
2020-01-29,16.39,1.6,
2020-01-30,15.49,1.57,
2020-01-31,18.84,1.51,
2020-02-01,,,259.25
2020-02-03,17.97,1.54,
2020-02-04,16.05,1.61,
2020-02-05,15.15,1.66,
2020-02-06,14.96,1.65,
2020-02-07,15.47,1.59,
2020-02-10,15.04,1.56,
2020-02-11,15.18,1.59,
2020-02-12,13.74,1.62,
2020-02-13,14.15,1.61,
2020-02-14,13.68,1.59,
2020-02-17,,,
2020-02-18,14.83,1.55,
2020-02-19,14.38,1.56,
2020-02-20,15.56,1.52,
2020-02-21,17.08,1.46,
2020-02-24,25.03,1.38,
2020-02-25,27.85,1.33,
2020-02-26,27.56,1.33,
2020-02-27,39.16,1.3,
2020-02-28,40.11,1.13,
2020-03-01,,,258.076
2020-03-02,33.42,1.1,
2020-03-03,36.82,1.02,
2020-03-04,31.99,1.02,
2020-03-05,39.62,0.92,
2020-03-06,41.94,0.74,
2020-03-09,54.46,0.54,
2020-03-10,47.3,0.76,
2020-03-11,53.9,0.82,
2020-03-12,75.47,0.88,
2020-03-13,57.83,0.94,
2020-03-16,82.69,0.73,
2020-03-17,75.91,1.02,
2020-03-18,76.45,1.18,
2020-03-19,72.0,1.12,
2020-03-20,66.04,0.92,
2020-03-23,61.59,0.76,
2020-03-24,61.67,0.84,
2020-03-25,63.95,0.88,
2020-03-26,61.0,0.83,
2020-03-27,65.54,0.72,
2020-03-30,57.08,0.7,
2020-03-31,53.54,0.7,
2020-04-01,57.06,0.62,256.032
2020-04-02,50.91,0.63,
2020-04-03,46.8,0.62,
2020-04-06,45.24,0.67,
2020-04-07,46.7,0.75,
2020-04-08,43.35,0.77,
2020-04-09,41.67,0.73,
2020-04-10,,,
2020-04-13,41.17,0.76,
2020-04-14,37.76,0.76,
2020-04-15,40.84,0.63,
2020-04-16,40.11,0.61,
2020-04-17,38.15,0.65,
2020-04-20,43.83,0.63,
2020-04-21,45.41,0.58,
2020-04-22,41.98,0.63,
2020-04-23,41.38,0.61,
2020-04-24,35.93,0.6,
2020-04-27,33.29,0.67,
2020-04-28,33.57,0.62,
2020-04-29,31.23,0.63,
2020-04-30,34.15,0.64,
2020-05-01,37.19,0.64,255.802
2020-05-04,35.97,0.64,
2020-05-05,33.61,0.66,
2020-05-06,34.12,0.72,
2020-05-07,31.44,0.63,
2020-05-08,27.98,0.69,
2020-05-11,27.57,0.73,
2020-05-12,33.04,0.69,
2020-05-13,35.28,0.64,
2020-05-14,32.61,0.63,
2020-05-15,31.89,0.64,
2020-05-18,29.3,0.73,
2020-05-19,30.53,0.7,
2020-05-20,27.99,0.68,
2020-05-21,29.53,0.68,
2020-05-22,28.16,0.66,
2020-05-25,,,
2020-05-26,28.01,0.69,
2020-05-27,27.62,0.68,
2020-05-28,28.59,0.7,
2020-05-29,27.51,0.65,
2020-06-01,28.23,0.66,257.042
2020-06-02,26.84,0.68,
2020-06-03,25.66,0.77,
2020-06-04,25.81,0.82,
2020-06-05,24.52,0.91,
2020-06-08,25.81,0.88,
2020-06-09,27.57,0.84,
2020-06-10,27.57,0.75,
2020-06-11,40.79,0.66,
2020-06-12,36.09,0.71,
2020-06-15,34.4,0.71,
2020-06-16,33.67,0.75,
2020-06-17,33.47,0.74,
2020-06-18,32.94,0.71,
2020-06-19,35.12,0.7,
2020-06-22,31.77,0.71,
2020-06-23,31.37,0.72,
2020-06-24,33.84,0.69,
2020-06-25,32.22,0.68,
2020-06-26,34.73,0.64,
2020-06-29,31.78,0.64,
2020-06-30,30.43,0.66,
2020-07-01,28.62,0.69,258.352
2020-07-02,27.68,0.68,
2020-07-03,,,
2020-07-06,27.94,0.69,
2020-07-07,29.43,0.65,
2020-07-08,28.08,0.67,
2020-07-09,29.26,0.62,
2020-07-10,27.29,0.65,
2020-07-13,32.19,0.64,
2020-07-14,29.52,0.63,
2020-07-15,27.76,0.64,
2020-07-16,28.0,0.62,
2020-07-17,25.68,0.64,
2020-07-20,24.46,0.62,
2020-07-21,24.84,0.61,
2020-07-22,24.32,0.6,
2020-07-23,26.08,0.59,
2020-07-24,25.84,0.59,
2020-07-27,24.74,0.62,
2020-07-28,25.44,0.59,
2020-07-29,24.1,0.58,
2020-07-30,24.76,0.55,
2020-07-31,24.46,0.55,
2020-08-01,,,259.316
2020-08-03,24.28,0.56,
2020-08-04,23.76,0.52,
2020-08-05,22.99,0.55,
2020-08-06,22.65,0.55,
2020-08-07,22.21,0.57,
2020-08-10,22.13,0.59,
2020-08-11,24.03,0.64,
2020-08-12,22.28,0.69,
2020-08-13,22.13,0.71,
2020-08-14,22.05,0.71,
2020-08-17,21.35,0.69,
2020-08-18,21.51,0.67,
2020-08-19,22.54,0.68,
2020-08-20,22.72,0.65,
2020-08-21,22.54,0.64,
2020-08-24,22.37,0.65,
2020-08-25,22.03,0.69,
2020-08-26,23.27,0.69,
2020-08-27,24.47,0.74,
2020-08-28,22.96,0.74,
2020-08-31,26.41,0.72,
2020-09-01,26.12,0.68,259.997
2020-09-02,26.57,0.66,
2020-09-03,33.6,0.63,
2020-09-04,30.75,0.72,
2020-09-07,,,
2020-09-08,31.46,0.69,
2020-09-09,28.81,0.71,
2020-09-10,29.71,0.68,
2020-09-11,26.87,0.67,
2020-09-14,25.85,0.68,
2020-09-15,25.59,0.68,
2020-09-16,26.04,0.69,
2020-09-17,26.46,0.69,
2020-09-18,25.83,0.7,
2020-09-21,27.78,0.68,
2020-09-22,26.86,0.68,
2020-09-23,28.58,0.68,
2020-09-24,28.51,0.67,
2020-09-25,26.38,0.66,
2020-09-28,26.19,0.67,
2020-09-29,26.27,0.66,
2020-09-30,26.37,0.69,
2020-10-01,26.7,0.68,260.319
2020-10-02,27.63,0.7,
2020-10-05,27.96,0.78,
2020-10-06,29.48,0.76,
2020-10-07,28.06,0.81,
2020-10-08,26.36,0.78,
2020-10-09,25.0,0.79,
2020-10-12,25.07,,
2020-10-13,26.07,0.74,
2020-10-14,26.4,0.73,
2020-10-15,26.97,0.74,
2020-10-16,27.41,0.76,
2020-10-19,29.18,0.78,
2020-10-20,29.35,0.81,
2020-10-21,28.65,0.83,
2020-10-22,28.11,0.87,
2020-10-23,27.55,0.85,
2020-10-26,32.46,0.81,
2020-10-27,33.35,0.79,
2020-10-28,40.28,0.79,
2020-10-29,37.59,0.85,
2020-10-30,38.02,0.88,
2020-11-01,,,260.911
2020-11-02,37.13,0.87,
2020-11-03,35.55,0.9,
2020-11-04,29.57,0.78,
2020-11-05,27.58,0.79,
2020-11-06,24.86,0.83,
2020-11-09,25.75,0.96,
2020-11-10,24.8,0.98,
2020-11-11,23.45,,
2020-11-12,25.35,0.88,
2020-11-13,23.1,0.89,
2020-11-16,22.45,0.91,
2020-11-17,22.71,0.87,
2020-11-18,23.84,0.88,
2020-11-19,23.11,0.86,
2020-11-20,23.7,0.83,
2020-11-23,22.66,0.86,
2020-11-24,21.64,0.88,
2020-11-25,21.25,0.88,
2020-11-26,,,
2020-11-27,20.84,0.84,
2020-11-30,20.57,0.84,
2020-12-01,20.77,0.92,262.045
2020-12-02,21.17,0.95,
2020-12-03,21.28,0.92,
2020-12-04,20.79,0.97,
2020-12-07,21.3,0.94,
2020-12-08,20.68,0.92,
2020-12-09,22.27,0.95,
2020-12-10,22.52,0.92,
2020-12-11,23.31,0.9,
2020-12-14,24.72,0.9,
2020-12-15,22.89,0.92,
2020-12-16,22.5,0.92,
2020-12-17,21.93,0.94,
2020-12-18,21.57,0.95,
2020-12-21,25.16,0.95,
2020-12-22,24.23,0.93,
2020-12-23,23.31,0.96,
2020-12-24,21.53,0.94,
2020-12-25,,,
2020-12-28,21.7,0.94,
2020-12-29,23.08,0.94,
2020-12-30,22.77,0.93,
2020-12-31,22.75,0.93,
2021-01-01,,,262.639
2021-01-04,26.97,0.93,
2021-01-05,25.34,0.96,
2021-01-06,25.07,1.04,
2021-01-07,22.37,1.08,
2021-01-08,21.56,1.13,
2021-01-11,24.08,1.15,
2021-01-12,23.33,1.15,
2021-01-13,22.21,1.1,
2021-01-14,23.25,1.15,
2021-01-15,24.34,1.11,
2021-01-18,,,
2021-01-19,23.24,1.1,
2021-01-20,21.58,1.1,
2021-01-21,21.32,1.12,
2021-01-22,21.91,1.1,
2021-01-25,23.19,1.05,
2021-01-26,23.02,1.05,
2021-01-27,37.21,1.04,
2021-01-28,30.21,1.07,
2021-01-29,33.09,1.11,
2021-02-01,30.24,1.09,263.573
2021-02-02,25.56,1.12,
2021-02-03,22.91,1.15,
2021-02-04,21.77,1.15,
2021-02-05,20.87,1.19,
2021-02-08,21.24,1.19,
2021-02-09,21.63,1.18,
2021-02-10,21.99,1.15,
2021-02-11,21.25,1.16,
2021-02-12,19.97,1.2,
2021-02-15,,,
2021-02-16,21.46,1.3,
2021-02-17,21.5,1.29,
2021-02-18,22.49,1.29,
2021-02-19,22.05,1.34,
2021-02-22,23.45,1.37,
2021-02-23,23.11,1.37,
2021-02-24,21.34,1.38,
2021-02-25,28.89,1.54,
2021-02-26,27.95,1.44,
2021-03-01,23.35,1.45,264.847
2021-03-02,24.1,1.42,
2021-03-03,26.67,1.47,
2021-03-04,28.57,1.54,
2021-03-05,24.66,1.56,
2021-03-08,25.47,1.59,
2021-03-09,24.03,1.55,
2021-03-10,22.56,1.53,
2021-03-11,21.91,1.54,
2021-03-12,20.69,1.64,
2021-03-15,20.03,1.62,
2021-03-16,19.79,1.62,
2021-03-17,19.23,1.63,
2021-03-18,21.58,1.71,
2021-03-19,20.95,1.74,
2021-03-22,18.88,1.69,
2021-03-23,20.3,1.63,
2021-03-24,21.2,1.62,
2021-03-25,19.81,1.63,
2021-03-26,18.86,1.67,
2021-03-29,20.74,1.73,
2021-03-30,19.61,1.73,
2021-03-31,19.4,1.74,
2021-04-01,17.33,1.69,266.625
2021-04-02,,1.72,
2021-04-05,17.91,1.73,
2021-04-06,18.12,1.67,
2021-04-07,17.16,1.68,
2021-04-08,16.95,1.64,
2021-04-09,16.69,1.67,
2021-04-12,16.91,1.69,
2021-04-13,16.65,1.64,
2021-04-14,16.99,1.64,
2021-04-15,16.57,1.56,
2021-04-16,16.25,1.59,
2021-04-19,17.29,1.61,
2021-04-20,18.68,1.58,
2021-04-21,17.5,1.57,
2021-04-22,18.71,1.57,
2021-04-23,17.33,1.58,
2021-04-26,17.64,1.58,
2021-04-27,17.56,1.63,
2021-04-28,17.28,1.63,
2021-04-29,17.61,1.65,
2021-04-30,18.61,1.65,
2021-05-01,,,268.404
2021-05-03,18.31,1.63,
2021-05-04,19.48,1.61,
2021-05-05,19.15,1.59,
2021-05-06,18.39,1.58,
2021-05-07,16.69,1.6,
2021-05-10,19.66,1.63,
2021-05-11,21.84,1.64,
2021-05-12,27.59,1.69,
2021-05-13,23.13,1.66,
2021-05-14,18.81,1.63,
2021-05-17,19.72,1.64,
2021-05-18,21.34,1.64,
2021-05-19,22.18,1.68,
2021-05-20,20.67,1.63,
2021-05-21,20.15,1.63,
2021-05-24,18.4,1.61,
2021-05-25,18.84,1.56,
2021-05-26,17.36,1.58,
2021-05-27,16.74,1.61,
2021-05-28,16.76,1.58,
2021-05-31,,,
2021-06-01,17.9,1.62,270.71
2021-06-02,17.48,1.59,
2021-06-03,18.04,1.63,
2021-06-04,16.42,1.56,
2021-06-07,16.42,1.57,
2021-06-08,17.07,1.53,
2021-06-09,17.89,1.5,
2021-06-10,16.1,1.45,
2021-06-11,15.65,1.47,
2021-06-14,16.39,1.51,
2021-06-15,17.02,1.51,
2021-06-16,18.15,1.57,
2021-06-17,17.75,1.52,
2021-06-18,20.7,1.45,
2021-06-21,17.89,1.5,
2021-06-22,16.66,1.48,
2021-06-23,16.32,1.5,
2021-06-24,15.97,1.49,
2021-06-25,15.62,1.54,
2021-06-28,15.76,1.49,
2021-06-29,16.02,1.49,
2021-06-30,15.83,1.45,
2021-07-01,15.48,1.48,271.965
2021-07-02,15.07,1.44,
2021-07-05,,,
2021-07-06,16.44,1.37,
2021-07-07,16.2,1.33,
2021-07-08,19.0,1.3,
2021-07-09,16.18,1.37,
2021-07-12,16.17,1.38,
2021-07-13,17.12,1.42,
2021-07-14,16.33,1.37,
2021-07-15,17.01,1.31,
2021-07-16,18.45,1.31,
2021-07-19,22.5,1.19,
2021-07-20,19.73,1.23,
2021-07-21,17.91,1.3,
2021-07-22,17.69,1.27,
2021-07-23,17.2,1.3,
2021-07-26,17.58,1.29,
2021-07-27,19.36,1.25,
2021-07-28,18.31,1.26,
2021-07-29,17.7,1.28,
2021-07-30,18.24,1.24,
2021-08-01,,,272.752
2021-08-02,19.46,1.2,
2021-08-03,18.04,1.19,
2021-08-04,17.97,1.19,
2021-08-05,17.28,1.23,
2021-08-06,16.15,1.31,
2021-08-09,16.72,1.33,
2021-08-10,16.79,1.36,
2021-08-11,16.06,1.35,
2021-08-12,15.59,1.36,
2021-08-13,15.45,1.29,
2021-08-16,16.12,1.26,
2021-08-17,17.91,1.26,
2021-08-18,21.57,1.27,
2021-08-19,21.67,1.24,
2021-08-20,18.56,1.26,
2021-08-23,17.15,1.25,
2021-08-24,17.22,1.29,
2021-08-25,16.79,1.35,
2021-08-26,18.84,1.34,
2021-08-27,16.39,1.31,
2021-08-30,16.19,1.29,
2021-08-31,16.48,1.3,
2021-09-01,16.11,1.31,273.942
2021-09-02,16.41,1.29,
2021-09-03,16.41,1.33,
2021-09-06,,,
2021-09-07,18.14,1.38,
2021-09-08,17.96,1.35,
2021-09-09,18.8,1.3,
2021-09-10,20.95,1.35,
2021-09-13,19.37,1.33,
2021-09-14,19.46,1.28,
2021-09-15,18.18,1.31,
2021-09-16,18.69,1.34,
2021-09-17,20.81,1.37,
2021-09-20,25.71,1.31,
2021-09-21,24.36,1.33,
2021-09-22,20.87,1.32,
2021-09-23,18.63,1.41,
2021-09-24,17.75,1.47,
2021-09-27,18.76,1.48,
2021-09-28,23.25,1.54,
2021-09-29,22.56,1.55,
2021-09-30,23.14,1.52,
2021-10-01,21.15,1.48,276.528
2021-10-04,22.96,1.49,
2021-10-05,21.3,1.54,
2021-10-06,21.0,1.53,
2021-10-07,19.54,1.58,
2021-10-08,18.77,1.61,
2021-10-11,20.0,,
2021-10-12,19.85,1.59,
2021-10-13,18.64,1.56,
2021-10-14,16.86,1.52,
2021-10-15,16.3,1.59,
2021-10-18,16.31,1.59,
2021-10-19,15.7,1.65,
2021-10-20,15.49,1.65,
2021-10-21,15.01,1.68,
2021-10-22,15.43,1.66,
2021-10-25,15.24,1.64,
2021-10-26,15.98,1.63,
2021-10-27,16.98,1.54,
2021-10-28,16.53,1.57,
2021-10-29,16.26,1.55,
2021-11-01,16.41,1.58,278.824
2021-11-02,16.03,1.56,
2021-11-03,15.1,1.6,
2021-11-04,15.44,1.53,
2021-11-05,16.48,1.45,
2021-11-08,17.22,1.51,
2021-11-09,17.78,1.46,
2021-11-10,18.73,1.56,
2021-11-11,17.66,,
2021-11-12,16.29,1.58,
2021-11-15,16.49,1.63,
2021-11-16,16.37,1.63,
2021-11-17,17.11,1.6,
2021-11-18,17.59,1.59,
2021-11-19,17.91,1.54,
2021-11-22,19.17,1.63,
2021-11-23,19.38,1.67,
2021-11-24,18.58,1.64,
2021-11-25,,,
2021-11-26,28.62,1.48,
2021-11-29,22.96,1.52,
2021-11-30,27.19,1.43,
2021-12-01,31.12,1.43,280.806
2021-12-02,27.95,1.44,
2021-12-03,30.67,1.35,
2021-12-06,27.18,1.43,
2021-12-07,21.89,1.48,
2021-12-08,19.9,1.52,
2021-12-09,21.58,1.49,
2021-12-10,18.69,1.48,
2021-12-13,20.31,1.42,
2021-12-14,21.89,1.44,
2021-12-15,19.29,1.47,
2021-12-16,20.57,1.44,
2021-12-17,21.57,1.41,
2021-12-20,22.87,1.43,
2021-12-21,21.01,1.48,
2021-12-22,18.63,1.46,
2021-12-23,17.96,1.5,
2021-12-24,,,
2021-12-27,17.68,1.48,
2021-12-28,17.54,1.49,
2021-12-29,16.95,1.55,
2021-12-30,17.33,1.52,
2021-12-31,17.22,1.52,
2022-01-01,,,282.542
2022-01-03,16.6,1.63,
2022-01-04,16.91,1.66,
2022-01-05,19.73,1.71,
2022-01-06,19.61,1.73,
2022-01-07,18.76,1.76,
2022-01-10,19.4,1.78,
2022-01-11,18.41,1.75,
2022-01-12,17.62,1.74,
2022-01-13,20.31,1.7,
2022-01-14,19.19,1.78,
2022-01-17,,,
2022-01-18,22.79,1.87,
2022-01-19,23.85,1.83,
2022-01-20,25.59,1.83,
2022-01-21,28.85,1.75,
2022-01-24,29.9,1.75,
2022-01-25,31.16,1.78,
2022-01-26,31.96,1.85,
2022-01-27,30.49,1.81,
2022-01-28,27.66,1.78,
2022-01-31,24.83,1.79,
2022-02-01,21.96,1.81,284.525
2022-02-02,22.09,1.78,
2022-02-03,24.35,1.82,
2022-02-04,23.22,1.93,
2022-02-07,22.86,1.92,
2022-02-08,21.44,1.96,
2022-02-09,19.96,1.94,
2022-02-10,23.91,2.03,
2022-02-11,27.36,1.92,
2022-02-14,28.33,1.98,
2022-02-15,25.7,2.05,
2022-02-16,24.29,2.03,
2022-02-17,28.11,1.97,
2022-02-18,27.75,1.92,
2022-02-21,,,
2022-02-22,28.81,1.94,
2022-02-23,31.02,1.99,
2022-02-24,30.32,1.96,
2022-02-25,27.59,1.97,
2022-02-28,30.15,1.83,
2022-03-01,33.32,1.72,287.467
2022-03-02,30.74,1.86,
2022-03-03,30.48,1.86,
2022-03-04,31.98,1.74,
2022-03-07,36.45,1.78,
2022-03-08,35.13,1.86,
2022-03-09,32.45,1.94,
2022-03-10,30.23,1.98,
2022-03-11,30.75,2.0,
2022-03-14,31.77,2.14,
2022-03-15,29.83,2.15,
2022-03-16,26.67,2.19,
2022-03-17,25.67,2.2,
2022-03-18,23.87,2.14,
2022-03-21,23.53,2.32,
2022-03-22,22.94,2.38,
2022-03-23,23.57,2.32,
2022-03-24,21.67,2.34,
2022-03-25,20.81,2.48,
2022-03-28,19.63,2.46,
2022-03-29,18.9,2.41,
2022-03-30,19.33,2.35,
2022-03-31,20.56,2.32,
2022-04-01,19.63,2.39,288.582
2022-04-04,18.57,2.42,
2022-04-05,21.03,2.54,
2022-04-06,22.1,2.61,
2022-04-07,21.55,2.66,
2022-04-08,21.16,2.72,
2022-04-11,24.37,2.79,
2022-04-12,24.26,2.72,
2022-04-13,21.82,2.7,
2022-04-14,22.7,2.83,
2022-04-15,,,
2022-04-18,22.17,2.85,
2022-04-19,21.37,2.93,
2022-04-20,20.32,2.85,
2022-04-21,22.68,2.9,
2022-04-22,28.21,2.9,
2022-04-25,27.02,2.81,
2022-04-26,33.52,2.77,
2022-04-27,31.6,2.82,
2022-04-28,29.99,2.85,
2022-04-29,33.4,2.89,
2022-05-01,,,291.299
2022-05-02,32.34,2.99,
2022-05-03,29.25,2.97,
2022-05-04,25.42,2.93,
2022-05-05,31.2,3.05,
2022-05-06,30.19,3.12,
2022-05-09,34.75,3.05,
2022-05-10,32.99,2.99,
2022-05-11,32.56,2.91,
2022-05-12,31.77,2.84,
2022-05-13,28.87,2.93,
2022-05-16,27.47,2.88,
2022-05-17,26.1,2.98,
2022-05-18,30.96,2.89,
2022-05-19,29.35,2.84,
2022-05-20,29.43,2.78,
2022-05-23,28.48,2.86,
2022-05-24,29.45,2.76,
2022-05-25,28.37,2.75,
2022-05-26,27.5,2.75,
2022-05-27,25.72,2.74,
2022-05-30,26.54,,
2022-05-31,26.19,2.85,
2022-06-01,25.69,2.94,295.072
2022-06-02,24.72,2.92,
2022-06-03,24.79,2.96,
2022-06-06,25.07,3.04,
2022-06-07,24.02,2.98,
2022-06-08,23.96,3.03,
2022-06-09,26.09,3.04,
2022-06-10,27.75,3.15,
2022-06-13,34.02,3.43,
2022-06-14,32.69,3.49,
2022-06-15,29.62,3.33,
2022-06-16,32.95,3.28,
2022-06-17,31.13,3.25,
2022-06-20,31.03,,
2022-06-21,30.19,3.31,
2022-06-22,28.95,3.16,
2022-06-23,29.05,3.09,
2022-06-24,27.23,3.13,
2022-06-27,26.95,3.2,
2022-06-28,28.36,3.2,
2022-06-29,28.16,3.1,
2022-06-30,28.71,2.98,
2022-07-01,26.7,2.88,294.94
2022-07-04,27.53,,
2022-07-05,27.54,2.82,
2022-07-06,26.73,2.93,
2022-07-07,26.08,3.01,
2022-07-08,24.64,3.09,
2022-07-11,26.17,2.99,
2022-07-12,27.29,2.96,
2022-07-13,26.82,2.91,
2022-07-14,26.4,2.96,
2022-07-15,24.23,2.93,
2022-07-18,25.3,2.96,
2022-07-19,24.5,3.01,
2022-07-20,23.88,3.04,
2022-07-21,23.11,2.91,
2022-07-22,23.03,2.77,
2022-07-25,23.36,2.81,
2022-07-26,24.69,2.81,
2022-07-27,23.24,2.78,
2022-07-28,22.33,2.68,
2022-07-29,21.33,2.67,
2022-08-01,22.84,2.6,295.162
2022-08-02,23.93,2.75,
2022-08-03,21.95,2.73,
2022-08-04,21.44,2.68,
2022-08-05,21.15,2.83,
2022-08-08,21.29,2.77,
2022-08-09,21.77,2.8,
2022-08-10,19.74,2.78,
2022-08-11,20.2,2.87,
2022-08-12,19.53,2.84,
2022-08-15,19.95,2.79,
2022-08-16,19.69,2.82,
2022-08-17,19.9,2.89,
2022-08-18,19.56,2.88,
2022-08-19,20.6,2.98,
2022-08-22,23.8,3.03,
2022-08-23,24.11,3.05,
2022-08-24,22.82,3.11,
2022-08-25,21.78,3.03,
2022-08-26,25.56,3.04,
2022-08-29,26.21,3.12,
2022-08-30,26.21,3.11,
2022-08-31,25.87,3.15,
2022-09-01,25.56,3.26,296.421
2022-09-02,25.47,3.2,
2022-09-05,25.99,,
2022-09-06,26.91,3.33,
2022-09-07,24.64,3.27,
2022-09-08,23.61,3.29,
2022-09-09,22.79,3.33,
2022-09-12,23.87,3.37,
2022-09-13,27.27,3.42,
2022-09-14,26.16,3.41,
2022-09-15,26.27,3.45,
2022-09-16,26.3,3.45,
2022-09-19,25.76,3.49,
2022-09-20,27.16,3.57,
2022-09-21,27.99,3.51,
2022-09-22,27.35,3.7,
2022-09-23,29.92,3.69,
2022-09-26,32.26,3.88,
2022-09-27,32.6,3.97,
2022-09-28,30.18,3.72,
2022-09-29,31.84,3.76,
2022-09-30,31.62,3.83,
2022-10-01,,,297.979
2022-10-03,30.1,3.67,
2022-10-04,29.07,3.62,
2022-10-05,28.55,3.76,
2022-10-06,30.52,3.83,
2022-10-07,31.36,3.89,
2022-10-10,32.45,,
2022-10-11,33.63,3.93,
2022-10-12,33.57,3.91,
2022-10-13,31.94,3.97,
2022-10-14,32.02,4.0,
2022-10-17,31.37,4.02,
2022-10-18,30.5,4.01,
2022-10-19,30.76,4.14,
2022-10-20,29.98,4.24,
2022-10-21,29.69,4.21,
2022-10-24,29.85,4.25,
2022-10-25,28.46,4.1,
2022-10-26,27.28,4.04,
2022-10-27,27.39,3.96,
2022-10-28,25.75,4.02,
2022-10-31,25.88,4.1,
2022-11-01,25.81,4.07,298.708
2022-11-02,25.86,4.1,
2022-11-03,25.3,4.14,
2022-11-04,24.55,4.17,
2022-11-07,24.35,4.22,
2022-11-08,25.54,4.14,
2022-11-09,26.09,4.12,
2022-11-10,23.53,3.82,
2022-11-11,22.52,,
2022-11-14,23.73,3.88,
2022-11-15,24.54,3.8,
2022-11-16,24.11,3.67,
2022-11-17,23.93,3.77,
2022-11-18,23.12,3.82,
2022-11-21,22.36,3.83,
2022-11-22,21.29,3.76,
2022-11-23,20.35,3.71,
2022-11-24,20.42,,
2022-11-25,20.5,3.68,
2022-11-28,22.21,3.69,
2022-11-29,21.89,3.75,
2022-11-30,20.58,3.68,
2022-12-01,19.84,3.53,298.808
2022-12-02,19.06,3.51,
2022-12-05,20.75,3.6,
2022-12-06,22.17,3.51,
2022-12-07,22.68,3.42,
2022-12-08,22.29,3.48,
2022-12-09,22.83,3.57,
2022-12-12,25.0,3.61,
2022-12-13,22.55,3.51,
2022-12-14,21.14,3.49,
2022-12-15,22.83,3.44,
2022-12-16,22.62,3.48,
2022-12-19,22.42,3.57,
2022-12-20,21.48,3.69,
2022-12-21,20.07,3.68,
2022-12-22,21.97,3.67,
2022-12-23,20.87,3.75,
2022-12-26,,,
2022-12-27,21.65,3.84,
2022-12-28,22.14,3.88,
2022-12-29,21.44,3.83,
2022-12-30,21.67,3.88,
2023-01-01,,,300.456
2023-01-02,,,
2023-01-03,22.9,3.79,
2023-01-04,22.01,3.69,
2023-01-05,22.46,3.71,
2023-01-06,21.13,3.55,
2023-01-09,21.97,3.53,
2023-01-10,20.58,3.61,
2023-01-11,21.09,3.54,
2023-01-12,18.83,3.43,
2023-01-13,18.35,3.49,
2023-01-16,19.49,,
2023-01-17,19.36,3.53,
2023-01-18,20.34,3.37,
2023-01-19,20.52,3.39,
2023-01-20,19.85,3.48,
2023-01-23,19.81,3.52,
2023-01-24,19.2,3.46,
2023-01-25,19.08,3.46,
2023-01-26,18.73,3.49,
2023-01-27,18.51,3.52,
2023-01-30,19.94,3.55,
2023-01-31,19.4,3.52,
2023-02-01,17.87,3.39,301.476
2023-02-02,18.73,3.4,
2023-02-03,18.33,3.53,
2023-02-06,19.43,3.63,
2023-02-07,18.66,3.67,
2023-02-08,19.63,3.63,
2023-02-09,20.71,3.67,
2023-02-10,20.53,3.74,
2023-02-13,20.34,3.72,
2023-02-14,18.91,3.77,
2023-02-15,18.23,3.81,
2023-02-16,20.17,3.86,
2023-02-17,20.02,3.82,
2023-02-20,21.23,,
2023-02-21,22.87,3.95,
2023-02-22,22.29,3.93,
2023-02-23,21.14,3.88,
2023-02-24,21.67,3.95,
2023-02-27,20.95,3.92,
2023-02-28,20.7,3.92,
2023-03-01,20.58,4.01,301.643
2023-03-02,19.59,4.08,
2023-03-03,18.49,3.97,
2023-03-06,18.61,3.98,
2023-03-07,19.59,3.97,
2023-03-08,19.11,3.98,
2023-03-09,22.61,3.93,
2023-03-10,24.8,3.7,
2023-03-13,26.52,3.55,
2023-03-14,23.73,3.64,
2023-03-15,26.14,3.51,
2023-03-16,22.99,3.56,
2023-03-17,25.51,3.39,
2023-03-20,24.15,3.47,
2023-03-21,21.38,3.59,
2023-03-22,22.26,3.48,
2023-03-23,22.61,3.38,
2023-03-24,21.74,3.38,
2023-03-27,20.6,3.53,
2023-03-28,19.97,3.55,
2023-03-29,19.12,3.57,
2023-03-30,19.02,3.55,
2023-03-31,18.7,3.48,
2023-04-01,,,302.858
2023-04-03,18.55,3.43,
2023-04-04,19.0,3.35,
2023-04-05,19.08,3.3,
2023-04-06,18.4,3.3,
2023-04-07,,3.39,
2023-04-10,18.97,3.41,
2023-04-11,19.1,3.43,
2023-04-12,19.09,3.41,
2023-04-13,17.8,3.45,
2023-04-14,17.07,3.52,
2023-04-17,16.95,3.6,
2023-04-18,16.83,3.58,
2023-04-19,16.46,3.6,
2023-04-20,17.17,3.54,
2023-04-21,16.77,3.57,
2023-04-24,16.89,3.52,
2023-04-25,18.76,3.4,
2023-04-26,18.84,3.43,
2023-04-27,17.03,3.53,
2023-04-28,15.78,3.44,
2023-05-01,16.08,3.59,303.316
2023-05-02,17.78,3.44,
2023-05-03,18.34,3.38,
2023-05-04,20.09,3.37,
2023-05-05,17.19,3.44,
2023-05-08,16.98,3.52,
2023-05-09,17.71,3.53,
2023-05-10,16.94,3.43,
2023-05-11,16.93,3.39,
2023-05-12,17.03,3.46,
2023-05-15,17.12,3.5,
2023-05-16,17.99,3.54,
2023-05-17,16.87,3.57,
2023-05-18,16.05,3.65,
2023-05-19,16.81,3.7,
2023-05-22,17.21,3.72,
2023-05-23,18.53,3.7,
2023-05-24,20.03,3.73,
2023-05-25,19.14,3.83,
2023-05-26,17.95,3.8,
2023-05-29,17.46,,
2023-05-30,17.46,3.69,
2023-05-31,17.94,3.64,
2023-06-01,15.65,3.61,304.099
2023-06-02,14.6,3.69,
2023-06-05,14.73,3.69,
2023-06-06,13.96,3.7,
2023-06-07,13.94,3.79,
2023-06-08,13.65,3.73,
2023-06-09,13.83,3.75,
2023-06-12,15.01,3.73,
2023-06-13,14.61,3.84,
2023-06-14,13.88,3.83,
2023-06-15,14.5,3.72,
2023-06-16,13.54,3.77,
2023-06-19,14.19,,
2023-06-20,13.88,3.74,
2023-06-21,13.2,3.72,
2023-06-22,12.91,3.8,
2023-06-23,13.44,3.74,
2023-06-26,14.25,3.72,
2023-06-27,13.74,3.77,
2023-06-28,13.43,3.71,
2023-06-29,13.54,3.85,
2023-06-30,13.59,3.81,
2023-07-01,,,304.615
2023-07-03,13.57,3.86,
2023-07-04,13.7,,
2023-07-05,14.18,3.95,
2023-07-06,15.44,4.05,
2023-07-07,14.83,4.06,
2023-07-10,15.07,4.01,
2023-07-11,14.84,3.99,
2023-07-12,13.54,3.86,
2023-07-13,13.61,3.76,
2023-07-14,13.34,3.83,
2023-07-17,13.48,3.81,
2023-07-18,13.3,3.8,
2023-07-19,13.76,3.75,
2023-07-20,13.99,3.85,
2023-07-21,13.6,3.84,
2023-07-24,13.91,3.86,
2023-07-25,13.86,3.91,
2023-07-26,13.19,3.86,
2023-07-27,14.41,4.01,
2023-07-28,13.33,3.96,
2023-07-31,13.63,3.97,
2023-08-01,13.93,4.05,306.138
2023-08-02,16.09,4.08,
2023-08-03,15.92,4.2,
2023-08-04,17.1,4.05,
2023-08-07,15.77,4.09,
2023-08-08,15.99,4.02,
2023-08-09,15.96,4.0,
2023-08-10,15.85,4.09,
2023-08-11,14.84,4.16,
2023-08-14,14.82,4.19,
2023-08-15,16.46,4.21,
2023-08-16,16.78,4.28,
2023-08-17,17.89,4.3,
2023-08-18,17.3,4.26,
2023-08-21,17.13,4.34,
2023-08-22,16.97,4.34,
2023-08-23,15.98,4.19,
2023-08-24,17.2,4.23,
2023-08-25,15.68,4.25,
2023-08-28,15.08,4.2,
2023-08-29,14.45,4.12,
2023-08-30,13.88,4.12,
2023-08-31,13.57,4.09,
2023-09-01,13.09,4.18,307.374
2023-09-04,13.82,,
2023-09-05,14.01,4.27,
2023-09-06,14.45,4.3,
2023-09-07,14.4,4.27,
2023-09-08,13.84,4.26,
2023-09-11,13.8,4.29,
2023-09-12,14.23,4.27,
2023-09-13,13.48,4.25,
2023-09-14,12.82,4.29,
2023-09-15,13.79,4.33,
2023-09-18,14.0,4.32,
2023-09-19,14.11,4.37,
2023-09-20,15.14,4.35,
2023-09-21,17.54,4.49,
2023-09-22,17.2,4.44,
2023-09-25,16.9,4.55,
2023-09-26,18.94,4.56,
2023-09-27,18.22,4.61,
2023-09-28,17.34,4.59,
2023-09-29,17.52,4.59,
2023-10-01,,,307.653
2023-10-02,17.61,4.69,
2023-10-03,19.78,4.81,
2023-10-04,18.58,4.73,
2023-10-05,18.49,4.72,
2023-10-06,17.45,4.78,
2023-10-09,17.7,,
2023-10-10,17.03,4.66,
2023-10-11,16.09,4.58,
2023-10-12,16.69,4.7,
2023-10-13,19.32,4.63,
2023-10-16,17.21,4.71,
2023-10-17,17.88,4.83,
2023-10-18,19.22,4.91,
2023-10-19,21.4,4.98,
2023-10-20,21.71,4.93,
2023-10-23,20.37,4.86,
2023-10-24,18.97,4.83,
2023-10-25,20.19,4.95,
2023-10-26,20.68,4.86,
2023-10-27,21.27,4.84,
2023-10-30,19.75,4.88,
2023-10-31,18.14,4.88,
2023-11-01,16.87,4.77,308.087
2023-11-02,15.66,4.67,
2023-11-03,14.91,4.57,
2023-11-06,14.89,4.67,
2023-11-07,14.81,4.58,
2023-11-08,14.45,4.49,
2023-11-09,15.29,4.62,
2023-11-10,14.17,4.61,
2023-11-13,14.76,4.63,
2023-11-14,14.16,4.44,
2023-11-15,14.18,4.53,
2023-11-16,14.32,4.45,
2023-11-17,13.8,4.44,
2023-11-20,13.41,4.42,
2023-11-21,13.35,4.41,
2023-11-22,12.85,4.42,
2023-11-23,12.8,,
2023-11-24,12.46,4.47,
2023-11-27,12.69,4.39,
2023-11-28,12.69,4.34,
2023-11-29,12.98,4.27,
2023-11-30,12.92,4.37,
2023-12-01,12.63,4.22,308.735
2023-12-04,13.08,4.28,
2023-12-05,12.85,4.18,
2023-12-06,12.97,4.12,
2023-12-07,13.06,4.14,
2023-12-08,12.35,4.23,
2023-12-11,12.63,4.23,
2023-12-12,12.07,4.2,
2023-12-13,12.19,4.04,
2023-12-14,12.48,3.92,
2023-12-15,12.28,3.91,
2023-12-18,12.56,3.95,
2023-12-19,12.53,3.93,
2023-12-20,13.67,3.86,
2023-12-21,13.65,3.89,
2023-12-22,13.03,3.9,
2023-12-25,,,
2023-12-26,12.99,3.89,
2023-12-27,12.43,3.79,
2023-12-28,12.47,3.84,
2023-12-29,12.45,3.88,
2024-01-01,,,309.794
